"filename", "language", "Dart", "comment", "blank", "total"
"d:\programming\github\clone-gg-app\lib\main.dart", "Dart", 38, 7, 14, 59
"d:\programming\github\clone-gg-app\lib\src\Utility\formatter.dart", "Dart", 63, 2, 7, 72
"d:\programming\github\clone-gg-app\lib\src\core\database\database_helper.dart", "Dart", 203, 15, 28, 246
"d:\programming\github\clone-gg-app\lib\src\core\network\api_service.dart", "Dart", 55, 57, 12, 124
"d:\programming\github\clone-gg-app\lib\src\core\network\server_service.dart", "Dart", 39, 1, 11, 51
"d:\programming\github\clone-gg-app\lib\src\core\router\app_router.dart", "Dart", 59, 0, 2, 61
"d:\programming\github\clone-gg-app\lib\src\core\services\api_database_service.dart", "Dart", 1838, 133, 255, 2226
"d:\programming\github\clone-gg-app\lib\src\core\services\api_exceptions.dart", "Dart", 37, 1, 12, 50
"d:\programming\github\clone-gg-app\lib\src\core\services\data_sync_service.dart", "Dart", 840, 96, 138, 1074
"d:\programming\github\clone-gg-app\lib\src\core\services\service_locator.dart", "Dart", 67, 63, 10, 140
"d:\programming\github\clone-gg-app\lib\src\core\services\shared_preferences_service.dart", "Dart", 105, 22, 26, 153
"d:\programming\github\clone-gg-app\lib\src\core\services\soap_api_service.dart", "Dart", 897, 38, 95, 1030
"d:\programming\github\clone-gg-app\lib\src\features\agent\data\models\business_region.dart", "Dart", 52, 0, 7, 59
"d:\programming\github\clone-gg-app\lib\src\features\agent\data\models\client_contract.dart", "Dart", 148, 0, 7, 155
"d:\programming\github\clone-gg-app\lib\src\features\agent\data\models\kpi_data.dart", "Dart", 111, 0, 7, 118
"d:\programming\github\clone-gg-app\lib\src\features\agent\data\models\price_type.dart", "Dart", 66, 1, 9, 76
"d:\programming\github\clone-gg-app\lib\src\features\agent\data\models\product_balance.dart", "Dart", 139, 0, 7, 146
"d:\programming\github\clone-gg-app\lib\src\features\agent\data\models\product_brand.dart", "Dart", 46, 0, 7, 53
"d:\programming\github\clone-gg-app\lib\src\features\agent\data\models\product_data.dart", "Dart", 146, 0, 7, 153
"d:\programming\github\clone-gg-app\lib\src\features\agent\data\models\product_price.dart", "Dart", 84, 1, 9, 94
"d:\programming\github\clone-gg-app\lib\src\features\agent\data\models\product_series.dart", "Dart", 52, 0, 7, 59
"d:\programming\github\clone-gg-app\lib\src\features\agent\data\models\product_with_price.dart", "Dart", 174, 0, 7, 181
"d:\programming\github\clone-gg-app\lib\src\features\agent\data\models\trading_point.dart", "Dart", 178, 0, 7, 185
"d:\programming\github\clone-gg-app\lib\src\features\agent\data\models\user_warehouse.dart", "Dart", 58, 0, 7, 65
"d:\programming\github\clone-gg-app\lib\src\features\agent\data\repositories\agent_repository.dart", "Dart", 242, 30, 28, 300
"d:\programming\github\clone-gg-app\lib\src\features\agent\domain\repositories\agent_repository.dart", "Dart", 2, 3, 1, 6
"d:\programming\github\clone-gg-app\lib\src\features\agent\presentation\pages\agent_home_modern.dart", "Dart", 944, 62, 67, 1073
"d:\programming\github\clone-gg-app\lib\src\features\agent\presentation\pages\agent_home_page.dart", "Dart", 878, 32, 62, 972
"d:\programming\github\clone-gg-app\lib\src\features\agent\presentation\pages\agent_page_backup.dart", "Dart", 802, 18, 45, 865
"d:\programming\github\clone-gg-app\lib\src\features\agent\presentation\pages\contract_detail_page.dart", "Dart", 580, 9, 39, 628
"d:\programming\github\clone-gg-app\lib\src\features\agent\presentation\pages\contracts_page.dart", "Dart", 856, 22, 58, 936
"d:\programming\github\clone-gg-app\lib\src\features\agent\presentation\pages\prices_page.dart", "Dart", 1036, 67, 75, 1178
"d:\programming\github\clone-gg-app\lib\src\features\agent\presentation\pages\settings_page.dart", "Dart", 1219, 16, 95, 1330
"d:\programming\github\clone-gg-app\lib\src\features\agent\presentation\pages\trading_points_page.dart", "Dart", 1485, 173, 132, 1790
"d:\programming\github\clone-gg-app\lib\src\features\agent\presentation\pages\trading_points_page_backup.dart", "Dart", 499, 16, 44, 559
"d:\programming\github\clone-gg-app\lib\src\features\agent\presentation\pages\warehouses_page.dart", "Dart", 477, 11, 31, 519
"d:\programming\github\clone-gg-app\lib\src\features\agent\presentation\widgets\data_sync_progress_widget.dart", "Dart", 163, 7, 21, 191
"d:\programming\github\clone-gg-app\lib\src\features\auth\data\models\user_model.dart", "Dart", 88, 1, 6, 95
"d:\programming\github\clone-gg-app\lib\src\features\auth\data\repositories\auth_repository_impl.dart", "Dart", 66, 4, 10, 80
"d:\programming\github\clone-gg-app\lib\src\features\auth\domain\entities\user_entity.dart", "Dart", 25, 0, 3, 28
"d:\programming\github\clone-gg-app\lib\src\features\auth\domain\repositories\auth_repository.dart", "Dart", 7, 1, 2, 10
"d:\programming\github\clone-gg-app\lib\src\features\auth\presentation\bloc\auth_bloc.dart", "Dart", 49, 1, 7, 57
"d:\programming\github\clone-gg-app\lib\src\features\auth\presentation\bloc\auth_event.dart", "Dart", 16, 0, 5, 21
"d:\programming\github\clone-gg-app\lib\src\features\auth\presentation\bloc\auth_state.dart", "Dart", 30, 0, 11, 41
"d:\programming\github\clone-gg-app\lib\src\features\auth\presentation\pages\login_page.dart", "Dart", 525, 41, 40, 606
"d:\programming\github\clone-gg-app\lib\src\features\boss\presentation\pages\boss_home_page.dart", "Dart", 331, 11, 15, 357
"d:\programming\github\clone-gg-app\lib\src\features\collector\presentation\pages\collector_home_page.dart", "Dart", 310, 3, 14, 327
"d:\programming\github\clone-gg-app\lib\src\features\forwarder\presentation\pages\forwarder_home_page.dart", "Dart", 186, 2, 9, 197
"d:\programming\github\clone-gg-app\lib\src\features\marketing\data\models\promotion_model.dart", "Dart", 213, 3, 22, 238
"d:\programming\github\clone-gg-app\lib\src\features\marketing\presentation\pages\marketing_page.dart", "Dart", 71, 1, 6, 78
"d:\programming\github\clone-gg-app\lib\src\features\marketing\presentation\pages\promotion_detail_page.dart", "Dart", 792, 13, 40, 845
"d:\programming\github\clone-gg-app\lib\src\features\marketing\presentation\pages\promotions_page.dart", "Dart", 289, 1, 34, 324
"d:\programming\github\clone-gg-app\lib\src\features\marketing\presentation\widgets\promotion_card.dart", "Dart", 115, 3, 4, 122
"d:\programming\github\clone-gg-app\lib\src\features\marketing\presentation\widgets\promotion_card_shimmer.dart", "Dart", 69, 6, 3, 78
"d:\programming\github\clone-gg-app\lib\src\features\navbars\fluid_nav_bar.dart", "Dart", 174, 7, 22, 203
"d:\programming\github\clone-gg-app\lib\src\features\packer\presentation\pages\packer_home_page.dart", "Dart", 421, 6, 21, 448
"d:\programming\github\clone-gg-app\lib\src\features\warehouse_manager\presentation\pages\warehouse_manager_home_page.dart", "Dart", 497, 9, 31, 537
"d:\programming\github\clone-gg-app\lib\src\theme\theme_controller.dart", "Dart", 38, 9, 10, 57
"d:\programming\github\clone-gg-app\lib\src\theme\theme_schemes.dart", "Dart", 10, 1, 6, 17
"d:\programming\github\clone-gg-app\lib\src\theme\theme_toggle.dart", "Dart", 102, 4, 5, 111
"Total", "-", 19102, 1030, 1722, 21854