"filename", "language", "Dart", "JSON", "Markdown", "comment", "blank", "total"
"c:\Users\Kamoliddin\Documents\GitHub\clone-gg-app\lib\l10n\app_en.arb", "JSON", 0, 402, 0, 0, 0, 402
"c:\Users\Kamoliddin\Documents\GitHub\clone-gg-app\lib\l10n\app_localizations.dart", "Dart", 403, 0, 0, 1472, 370, 2245
"c:\Users\Kamoliddin\Documents\GitHub\clone-gg-app\lib\l10n\app_localizations_en.dart", "Dart", 709, 0, 0, 3, 355, 1067
"c:\Users\Kamoliddin\Documents\GitHub\clone-gg-app\lib\l10n\app_localizations_ru.dart", "Dart", 709, 0, 0, 3, 355, 1067
"c:\Users\Kamoliddin\Documents\GitHub\clone-gg-app\lib\l10n\app_localizations_uz.dart", "Dart", 709, 0, 0, 3, 355, 1067
"c:\Users\Kamoliddin\Documents\GitHub\clone-gg-app\lib\l10n\app_ru.arb", "JSON", 0, 402, 0, 0, 0, 402
"c:\Users\Kamoliddin\Documents\GitHub\clone-gg-app\lib\l10n\app_uz.arb", "JSON", 0, 402, 0, 0, 0, 402
"c:\Users\Kamoliddin\Documents\GitHub\clone-gg-app\lib\main.dart", "Dart", 50, 0, 0, 8, 6, 64
"c:\Users\Kamoliddin\Documents\GitHub\clone-gg-app\lib\src\core\database\database_helper.dart", "Dart", 8, 0, 0, 1, 0, 9
"c:\Users\Kamoliddin\Documents\GitHub\clone-gg-app\lib\src\core\maps\README.md", "Markdown", 0, 0, 415, 0, 86, 501
"c:\Users\Kamoliddin\Documents\GitHub\clone-gg-app\lib\src\core\maps\examples\map_examples.dart", "Dart", 618, 0, 0, 26, 50, 694
"c:\Users\Kamoliddin\Documents\GitHub\clone-gg-app\lib\src\core\maps\managers\location_manager.dart", "Dart", 524, 0, 0, 38, 92, 654
"c:\Users\Kamoliddin\Documents\GitHub\clone-gg-app\lib\src\core\maps\managers\marker_manager.dart", "Dart", 463, 0, 0, 49, 76, 588
"c:\Users\Kamoliddin\Documents\GitHub\clone-gg-app\lib\src\core\maps\managers\route_manager.dart", "Dart", 451, 0, 0, 53, 81, 585
"c:\Users\Kamoliddin\Documents\GitHub\clone-gg-app\lib\src\core\maps\models\map_marker.dart", "Dart", 163, 0, 0, 13, 20, 196
"c:\Users\Kamoliddin\Documents\GitHub\clone-gg-app\lib\src\core\maps\models\map_point.dart", "Dart", 109, 0, 0, 15, 19, 143
"c:\Users\Kamoliddin\Documents\GitHub\clone-gg-app\lib\src\core\maps\models\map_route.dart", "Dart", 150, 0, 0, 12, 23, 185
"c:\Users\Kamoliddin\Documents\GitHub\clone-gg-app\lib\src\core\maps\models\map_settings.dart", "Dart", 236, 0, 0, 10, 14, 260
"c:\Users\Kamoliddin\Documents\GitHub\clone-gg-app\lib\src\core\maps\services\map_cache_service.dart", "Dart", 545, 0, 0, 43, 99, 687
"c:\Users\Kamoliddin\Documents\GitHub\clone-gg-app\lib\src\core\maps\services\map_service.dart", "Dart", 1542, 0, 0, 167, 215, 1924
"c:\Users\Kamoliddin\Documents\GitHub\clone-gg-app\lib\src\core\maps\services\route_service.dart", "Dart", 346, 0, 0, 50, 81, 477
"c:\Users\Kamoliddin\Documents\GitHub\clone-gg-app\lib\src\core\maps\widgets\map_widget.dart", "Dart", 554, 0, 0, 30, 61, 645
"c:\Users\Kamoliddin\Documents\GitHub\clone-gg-app\lib\src\core\network\server_service.dart", "Dart", 3, 0, 0, 2, 1, 6
"c:\Users\Kamoliddin\Documents\GitHub\clone-gg-app\lib\src\core\providers\locale_provider.dart", "Dart", 46, 0, 0, 9, 11, 66
"c:\Users\Kamoliddin\Documents\GitHub\clone-gg-app\lib\src\core\router\app_router.dart", "Dart", 12, 0, 0, 1, 0, 13
"c:\Users\Kamoliddin\Documents\GitHub\clone-gg-app\lib\src\core\services\api_database_service.dart", "Dart", 1622, 0, 0, 139, 235, 1996
"c:\Users\Kamoliddin\Documents\GitHub\clone-gg-app\lib\src\core\services\daily_report_template.dart", "Dart", 78, 0, 0, 2, 10, 90
"c:\Users\Kamoliddin\Documents\GitHub\clone-gg-app\lib\src\core\services\data_sync_service.dart", "Dart", 542, 0, 0, 80, 104, 726
"c:\Users\Kamoliddin\Documents\GitHub\clone-gg-app\lib\src\core\services\location_service.dart", "Dart", 214, 0, 0, 28, 39, 281
"c:\Users\Kamoliddin\Documents\GitHub\clone-gg-app\lib\src\core\services\permission_manager.dart", "Dart", 204, 0, 0, 17, 26, 247
"c:\Users\Kamoliddin\Documents\GitHub\clone-gg-app\lib\src\core\services\permissions_service.dart", "Dart", 102, 0, 0, 9, 15, 126
"c:\Users\Kamoliddin\Documents\GitHub\clone-gg-app\lib\src\core\services\report_data_service.dart", "Dart", 138, 0, 0, 21, 30, 189
"c:\Users\Kamoliddin\Documents\GitHub\clone-gg-app\lib\src\core\services\reports_sync_service.dart", "Dart", 339, 0, 0, 31, 57, 427
"c:\Users\Kamoliddin\Documents\GitHub\clone-gg-app\lib\src\core\services\service_locator.dart", "Dart", 39, 0, 0, 0, 0, 39
"c:\Users\Kamoliddin\Documents\GitHub\clone-gg-app\lib\src\core\services\shared_preferences_service.dart", "Dart", 80, 0, 0, 12, 11, 103
"c:\Users\Kamoliddin\Documents\GitHub\clone-gg-app\lib\src\core\services\soap_api_service.dart", "Dart", 398, 0, 0, 18, 36, 452
"c:\Users\Kamoliddin\Documents\GitHub\clone-gg-app\lib\src\core\services\telegram_bot_service.dart", "Dart", 67, 0, 0, 17, 17, 101
"c:\Users\Kamoliddin\Documents\GitHub\clone-gg-app\lib\src\core\services\telegram_token_service.dart", "Dart", 60, 0, 0, 6, 10, 76
"c:\Users\Kamoliddin\Documents\GitHub\clone-gg-app\lib\src\core\services\weekday_utils.dart", "Dart", 76, 0, 0, 11, 11, 98
"c:\Users\Kamoliddin\Documents\GitHub\clone-gg-app\lib\src\features\agent\data\models\akb_by_category.dart", "Dart", 59, 0, 0, 0, 4, 63
"c:\Users\Kamoliddin\Documents\GitHub\clone-gg-app\lib\src\features\agent\data\models\business_region_report.dart", "Dart", 59, 0, 0, 0, 4, 63
"c:\Users\Kamoliddin\Documents\GitHub\clone-gg-app\lib\src\features\agent\data\models\client_contract.dart", "Dart", 134, 0, 0, 2, 7, 143
"c:\Users\Kamoliddin\Documents\GitHub\clone-gg-app\lib\src\features\agent\data\models\main_report.dart", "Dart", 89, 0, 0, 0, 4, 93
"c:\Users\Kamoliddin\Documents\GitHub\clone-gg-app\lib\src\features\agent\data\models\order.dart", "Dart", 167, 0, 0, 0, 7, 174
"c:\Users\Kamoliddin\Documents\GitHub\clone-gg-app\lib\src\features\agent\data\models\order_detail.dart", "Dart", 305, 0, 0, 0, 23, 328
"c:\Users\Kamoliddin\Documents\GitHub\clone-gg-app\lib\src\features\agent\data\models\order_status.dart", "Dart", 42, 0, 0, 0, 7, 49
"c:\Users\Kamoliddin\Documents\GitHub\clone-gg-app\lib\src\features\agent\data\models\planned_route.dart", "Dart", 81, 0, 0, 4, 7, 92
"c:\Users\Kamoliddin\Documents\GitHub\clone-gg-app\lib\src\features\agent\data\models\sales_req_permissions.dart", "Dart", 147, 0, 0, 0, 9, 156
"c:\Users\Kamoliddin\Documents\GitHub\clone-gg-app\lib\src\features\agent\data\models\trading_point.dart", "Dart", 33, 0, 0, 4, 5, 42
"c:\Users\Kamoliddin\Documents\GitHub\clone-gg-app\lib\src\features\agent\data\models\trading_point_with_permissions.dart", "Dart", 83, 0, 0, 11, 15, 109
"c:\Users\Kamoliddin\Documents\GitHub\clone-gg-app\lib\src\features\agent\data\models\visit_plan.dart", "Dart", 77, 0, 0, 0, 4, 81
"c:\Users\Kamoliddin\Documents\GitHub\clone-gg-app\lib\src\features\agent\data\models\visit_plan_list.dart", "Dart", 71, 0, 0, 0, 4, 75
"c:\Users\Kamoliddin\Documents\GitHub\clone-gg-app\lib\src\features\agent\data\repositories\agent_repository.dart", "Dart", 25, 0, 0, 3, 1, 29
"c:\Users\Kamoliddin\Documents\GitHub\clone-gg-app\lib\src\features\agent\presentation\pages\agent_home_modern.dart", "Dart", 709, 0, 0, 3, 77, 789
"c:\Users\Kamoliddin\Documents\GitHub\clone-gg-app\lib\src\features\agent\presentation\pages\agent_home_page.dart", "Dart", 9, 0, 0, -2, 3, 10
"c:\Users\Kamoliddin\Documents\GitHub\clone-gg-app\lib\src\features\agent\presentation\pages\contract_detail_page.dart", "Dart", 4, 0, 0, 1, 0, 5
"c:\Users\Kamoliddin\Documents\GitHub\clone-gg-app\lib\src\features\agent\presentation\pages\contracts_page.dart", "Dart", 46, 0, 0, 18, 18, 82
"c:\Users\Kamoliddin\Documents\GitHub\clone-gg-app\lib\src\features\agent\presentation\pages\db_view_page.dart", "Dart", 978, 0, 0, 21, 58, 1057
"c:\Users\Kamoliddin\Documents\GitHub\clone-gg-app\lib\src\features\agent\presentation\pages\main_agent_screen.dart", "Dart", 40, 0, 0, 4, 6, 50
"c:\Users\Kamoliddin\Documents\GitHub\clone-gg-app\lib\src\features\agent\presentation\pages\main_report_page.dart", "Dart", 683, 0, 0, 233, 34, 950
"c:\Users\Kamoliddin\Documents\GitHub\clone-gg-app\lib\src\features\agent\presentation\pages\order_details_page.dart", "Dart", 260, 0, 0, 18, 27, 305
"c:\Users\Kamoliddin\Documents\GitHub\clone-gg-app\lib\src\features\agent\presentation\pages\orders_page.dart", "Dart", 399, 0, 0, 33, 48, 480
"c:\Users\Kamoliddin\Documents\GitHub\clone-gg-app\lib\src\features\agent\presentation\pages\reports_page.dart", "Dart", 120, 0, 0, 27, 18, 165
"c:\Users\Kamoliddin\Documents\GitHub\clone-gg-app\lib\src\features\agent\presentation\pages\settings_page.dart", "Dart", 479, 0, 0, 14, 40, 533
"c:\Users\Kamoliddin\Documents\GitHub\clone-gg-app\lib\src\features\agent\presentation\pages\shared\new_ui_for_agent.dart", "Dart", 642, 0, 0, 24, 87, 753
"c:\Users\Kamoliddin\Documents\GitHub\clone-gg-app\lib\src\features\agent\presentation\pages\trading_points_page.dart", "Dart", 793, 0, 0, 6, 95, 894
"c:\Users\Kamoliddin\Documents\GitHub\clone-gg-app\lib\src\features\agent\presentation\shared\formatters.dart", "Dart", 5, 0, 0, 3, 5, 13
"c:\Users\Kamoliddin\Documents\GitHub\clone-gg-app\lib\src\features\agent\presentation\shared\order_status_utils.dart", "Dart", 30, 0, 0, 3, 6, 39
"c:\Users\Kamoliddin\Documents\GitHub\clone-gg-app\lib\src\features\agent\presentation\widgets\contract_models.dart", "Dart", 33, 0, 0, 0, 6, 39
"c:\Users\Kamoliddin\Documents\GitHub\clone-gg-app\lib\src\features\agent\presentation\widgets\contracts_filters_panel.dart", "Dart", 138, 0, 0, 3, 9, 150
"c:\Users\Kamoliddin\Documents\GitHub\clone-gg-app\lib\src\features\agent\presentation\widgets\data_sync_progress_widget.dart", "Dart", 6, 0, 0, 0, 0, 6
"c:\Users\Kamoliddin\Documents\GitHub\clone-gg-app\lib\src\features\agent\presentation\widgets\modern_date_range_picker.dart", "Dart", 399, 0, 0, 16, 32, 447
"c:\Users\Kamoliddin\Documents\GitHub\clone-gg-app\lib\src\features\agent\presentation\widgets\order_card.dart", "Dart", 89, 0, 0, 3, 8, 100
"c:\Users\Kamoliddin\Documents\GitHub\clone-gg-app\lib\src\features\agent\presentation\widgets\order_card_grid.dart", "Dart", 198, 0, 0, 9, 17, 224
"c:\Users\Kamoliddin\Documents\GitHub\clone-gg-app\lib\src\features\agent\presentation\widgets\order_detail_sections.dart", "Dart", 88, 0, 0, 4, 8, 100
"c:\Users\Kamoliddin\Documents\GitHub\clone-gg-app\lib\src\features\agent\presentation\widgets\order_filters_panel.dart", "Dart", 89, 0, 0, 3, 8, 100
"c:\Users\Kamoliddin\Documents\GitHub\clone-gg-app\lib\src\features\agent\presentation\widgets\order_models.dart", "Dart", 96, 0, 0, 0, 7, 103
"c:\Users\Kamoliddin\Documents\GitHub\clone-gg-app\lib\src\features\agent\presentation\widgets\status_chip.dart", "Dart", 27, 0, 0, 3, 3, 33
"c:\Users\Kamoliddin\Documents\GitHub\clone-gg-app\lib\src\features\agent\presentation\widgets\trading_points_filters_panel.dart", "Dart", 96, 0, 0, 5, 6, 107
"c:\Users\Kamoliddin\Documents\GitHub\clone-gg-app\lib\src\features\agent\presentation\widgets\visit_indicators.dart", "Dart", 117, 0, 0, 3, 14, 134
"c:\Users\Kamoliddin\Documents\GitHub\clone-gg-app\lib\src\features\auth\data\models\user_model.dart", "Dart", 15, 0, 0, 1, 1, 17
"c:\Users\Kamoliddin\Documents\GitHub\clone-gg-app\lib\src\features\auth\data\repositories\auth_repository_impl.dart", "Dart", 3, 0, 0, 0, 0, 3
"c:\Users\Kamoliddin\Documents\GitHub\clone-gg-app\lib\src\features\auth\domain\entities\user_entity.dart", "Dart", 6, 0, 0, 0, 0, 6
"c:\Users\Kamoliddin\Documents\GitHub\clone-gg-app\lib\src\features\auth\presentation\bloc\auth_bloc.dart", "Dart", 47, 0, 0, 10, 11, 68
"c:\Users\Kamoliddin\Documents\GitHub\clone-gg-app\lib\src\features\auth\presentation\pages\login_page.dart", "Dart", 92, 0, 0, 24, 8, 124
"c:\Users\Kamoliddin\Documents\GitHub\clone-gg-app\lib\src\features\navbars\agent_bottom_nav_bar.dart", "Dart", 18, 0, 0, 0, 4, 22
"c:\Users\Kamoliddin\Documents\GitHub\clone-gg-app\lib\src\features\navbars\fluid_nav_bar.dart", "Dart", 5, 0, 0, 0, 0, 5
"c:\Users\Kamoliddin\Documents\GitHub\clone-gg-app\lib\src\theme\theme_schemes.dart", "Dart", 95, 0, 0, 8, 5, 108
"Total", "-", 20535, 1206, 415, 2921, 3741, 28818